,a,1,啊,ā,interjection of surprise; Ah!; Oh!
,a,2,啊,á,interjection expressing doubt or requiring answer; Eh?; what?
b,a,1,八,bā,eight
b,a,2,拔,bá,to pull up
b,a,3,把,bǎ,to hold
b,a,4,坝,bà,dam
p,a,1,葩,pā,corolla of flower
p,a,2,爬,pá,to climb
p,a,4,怕,pà,to be afraid
m,a,1,妈,mā,mom
m,a,2,蟆,má,toad
m,a,3,马,mǎ,horse
m,a,4,蚂,mà,grasshopper
f,a,1,发,fā,to show (one's feeling)
f,a,2,罚,fá,to punish
f,a,3,法,fǎ,law
f,a,4,珐,fà,enamel ware
d,a,1,搭,dā,to put up;
d,a,2,答,dá,to reply
d,a,3,打,dǎ,to beat
d,a,4,大,dà,big
t,a,1,他,tā,he or him
t,a,2,蹹,tá,to tread on
t,a,3,塔,tǎ,pagoda
t,a,4,嚃,tà,to drink
n,a,2,拿,ná,to hold
n,a,3,哪,nǎ,how; which; where
n,a,4,那,nà,that; those;
l,a,1,拉,lā,to pull
l,a,2,剌,lá,to slash
l,a,4,辣,là,hot (spicy)
g,a,1,嘎,gā,cackling sound
g,a,2,轧,gá,to crush together (in a crowd)
g,a,3,尕,gǎ,little
g,a,4,尬,gà,embarrassing
k,a,1,咖,kā,class; grade
k,a,3,卡,kǎ,card (loanword)
k,a,4,髂,kà,ilium; outermost bone of the pelvic girdle
h,a,2,蛤,há,frog
h,a,3,哈,hǎ,a Pekinese
z,a,1,匝,zā,circuit
z,a,2,砸,zá,to smash
c,a,1,擦,cā,to wipe
c,a,3,礤,cǎ,shredder
c,a,4,䵽,cà,sound of drums
s,a,1,撒,sā,to let go
s,a,3,洒,sǎ,to sprinkle
s,a,4,卅,sà,thirty
zh,a,1,扎,zhā,to prick
zh,a,2,闸,zhá,gear
zh,a,3,眨,zhǎ,to blink
zh,a,4,炸,zhà,to burst
ch,a,1,插,chā,to insert
ch,a,2,查,chá,to research
ch,a,3,叉,chǎ,to diverge
ch,a,4,侘,chà,boast
sh,a,1,杀,shā,to kill
sh,a,3,傻,shǎ,foolish
sh,a,4,嗄,shà,hoarse
,ai,1,哎,āi,hey!
,ai,2,啀,ái,to growl (of dog)
,ai,3,矮,ǎi,low; short (in length)
,ai,4,唉,ài,alas
b,ai,1,掰,bāi,to break off or break open something with one's hands
b,ai,2,白,bái,white
b,ai,3,百,bǎi,hundred
b,ai,4,败,bài,to defeat
p,ai,1,拍,pāi,to pat
p,ai,2,排,pái,a row; a line
p,ai,4,湃,pài,sound of waves
m,ai,2,埋,mái,to bury
m,ai,3,买,mǎi,to buy; to purchase
m,ai,4,卖,mài,to sell
d,ai,1,待,dāi,to stay
d,ai,3,歹,dǎi,bad
d,ai,4,戴,dài,"to put on or wear (glasses, hat, gloves etc)"
t,ai,1,呔,tāi,tie
t,ai,2,抬,tái,to lift
t,ai,3,㘆,tǎi,to laugh at
t,ai,4,太,tài,highest
n,ai,2,㜨,nái,beautiful; pretty
n,ai,3,奶,nǎi,breast
n,ai,4,耐,nài,to endure
l,ai,2,来,lái,to come
l,ai,3,䂾,lǎi,to polish
l,ai,4,赖,lài,to depend on
g,ai,1,该,gāi,should; ought to
g,ai,3,改,gǎi,to change
g,ai,4,盖,gài,lid; top
k,ai,1,开,kāi,to open
k,ai,3,凯,kǎi,triumphant
k,ai,4,愒,kài,to desire
h,ai,1,咳,hāi,sound of sighing
h,ai,2,还,hái,still; still in progress;
h,ai,3,海,hǎi,ocean
h,ai,4,害,hài,to do harm to
z,ai,1,栽,zāi,to grow
z,ai,3,崽,zǎi,child
z,ai,4,再,zài,again
c,ai,1,猜,cāi,to guess
c,ai,2,才,cái,ability;
c,ai,3,采,cǎi,to pick
c,ai,4,菜,cài,dish
s,ai,1,腮,sāi,cheek
s,ai,3,㗷,sǎi,to bite
s,ai,4,赛,sài,to compete
zh,ai,1,摘,zhāi,to take
zh,ai,2,宅,zhái,residence
zh,ai,3,窄,zhǎi,narrow
zh,ai,4,债,zhài,debt
ch,ai,1,差,chāi,to send
ch,ai,2,柴,chái,firewood
ch,ai,3,茝,chǎi,"aromatic plant,"
ch,ai,4,瘥,chài,to recover from disease
sh,ai,1,筛,shāi,to filter
sh,ai,3,色,shǎi,color
sh,ai,4,晒,shài,(of the sun) to shine on;
,an,1,安,ān,content
,an,2,䜙,án,not clever
,an,3,铵,ǎn,ammonium
,an,4,按,àn,to press
b,an,1,班,bān,team
b,an,3,板,bǎn,board
b,an,4,半,bàn,half
p,an,1,攀,pān,to climb
p,an,2,盘,pán,plate
p,an,4,盼,pàn,to hope for
m,an,1,颟,mān,to dawdling
m,an,2,蛮,mán,barbarian
m,an,3,满,mǎn,to fill
m,an,4,慢,màn,slow
f,an,1,翻,fān,to turn over
f,an,2,凡,fán,ordinary
f,an,3,反,fǎn,contrary
f,an,4,饭,fàn,cooked rice
d,an,1,单,dān,bill
d,an,3,撢,dǎn,to dust
d,an,4,蛋,dàn,egg
t,an,1,贪,tān,to have a voracious desire for
t,an,2,谈,tán,to speak
t,an,3,坦,tǎn,flat
t,an,4,探,tàn,to explore
n,an,1,囡,nān,child; daughter
n,an,2,男,nán,male
n,an,3,戁,nǎn,stand in awe
n,an,4,难,nàn,disaster
l,an,2,蓝,lán,blue
l,an,3,懒,lǎn,lazy
l,an,4,烂,làn,soft
g,an,1,干,gān,dry
g,an,3,敢,gǎn,to dare
g,an,4,干,gàn,tree trunk
k,an,1,刊,kān,to print
k,an,3,砍,kǎn,to chop
k,an,4,看,kàn,to see; to look at
h,an,1,唅,hān,a sound
h,an,2,含,hán,to keep
h,an,3,喊,hǎn,to yell
h,an,4,旱,hàn,drought
z,an,1,簪,zān,hairpin
z,an,2,咱,zán,we
z,an,3,攒,zǎn,to collect
z,an,4,欑,zàn,gather
c,an,1,参,cān,to take part in
c,an,2,蚕,cán,silkworm
c,an,3,惨,cǎn,miserable
c,an,4,灿,càn,glorious
s,an,1,三,sān,three
s,an,3,伞,sǎn,umbrella
s,an,4,散,sàn,to scatter
zh,an,1,粘,zhān,to glue
zh,an,3,盏,zhǎn,a small cup
zh,an,4,站,zhàn,station
ch,an,1,掺,chān,to mix
ch,an,2,蝉,chán,cicada
ch,an,3,产,chǎn,to give birth
ch,an,4,儳,chàn,irregular
sh,an,1,山,shān,mountain
sh,an,3,闪,shǎn,to dodge
sh,an,4,善,shàn,good
r,an,2,燃,rán,to burn
r,an,3,㿵,rǎn,soft leather
,ang,1,骯,āng,dirty; filthy
,ang,2,昂,áng,to lift; to raise;
,ang,3,䭺,ǎng,a scared horse
,ang,4,盎,àng,bowl; dish; pot
b,ang,1,帮,bāng,to help;
b,ang,3,绑,bǎng,to tie;
b,ang,4,棒,bàng,stick;
p,ang,1,胮,pāng,to swell
p,ang,2,旁,páng,one side; other; different;
p,ang,3,䒍,pǎng,"without color, clear and lucid"
p,ang,4,胖,pàng,fat; plump
m,ang,1,牤,māng,bull
m,ang,2,忙,máng,busy
m,ang,3,蟒,mǎng,python
f,ang,1,方,fāng,square
f,ang,2,防,fáng,to protect; to defend
f,ang,3,仿,fǎng,to imitate; to copy
f,ang,4,放,fàng,to put; to place; to release
d,ang,1,儅,dāng,stop
d,ang,3,挡,dǎng,to resist
d,ang,4,荡,dàng,to wash
t,ang,1,汤,tāng,soup
t,ang,2,糖,táng,sugar; sweets; candy
t,ang,3,躺,tǎng,to recline
t,ang,4,烫,tàng,to scald
n,ang,1,乪,nāng,a bend in a river
n,ang,2,囊,náng,sack
n,ang,3,攮,nǎng,to fend off; to stab
n,ang,4,㚂,nàng,dust; dirt
l,ang,2,狼,láng,wolf
l,ang,3,朗,lǎng,clear; bright
l,ang,4,浪,làng,wave
g,ang,1,钢,gāng,steel
g,ang,3,港,gǎng,harbor
g,ang,4,鿍,gàng,hill
k,ang,1,康,kāng,healthy
k,ang,2,扛,káng,to carry on one's shoulder
k,ang,3,䡉,kǎng,kind of cart
k,ang,4,亢,kàng,high
h,ang,1,夯,hāng,to tamp
h,ang,2,行,háng,row
h,ang,4,沆,hàng,a fog
z,ang,1,脏,zāng,dirty; filthy
z,ang,3,驵,zǎng,powerful horse
z,ang,4,葬,zàng,to bury (the dead)
s,ang,1,丧,sāng,mourning; funeral
s,ang,3,嗓,sǎng,throat; voice
s,ang,4,丧,sàng,to lose something abstract but important
c,ang,1,舱,cāng,cabin
c,ang,2,藏,cáng,to conceal; to hide away
c,ang,4,䢢,càng,to pass
zh,ang,1,张,zhāng,to open up
zh,ang,3,长,zhǎng,chief
zh,ang,4,仗,zhàng,war; battle
sh,ang,1,伤,shāng,to injure
sh,ang,3,赏,shǎng,to bestow (a reward)
sh,ang,4,上,shàng,on top
ch,ang,1,昌,chāng,prosperous
ch,ang,2,常,cháng,always
ch,ang,3,场,chǎng,stage
ch,ang,4,唱,chàng,to sing
r,ang,2,瀼,ráng,dewy
r,ang,3,壤,rǎng,soil; earth
r,ang,4,让,ràng,to yield
,ao,1,凹,āo,depressed
,ao,2,熬,áo,to cook on a slow fire
,ao,3,袄,ǎo,coat;
,ao,4,奥,ào,obscure
b,ao,1,包,bāo,to cover
b,ao,2,薄,báo,thin
b,ao,3,宝,bǎo,jewel; gem; treasure
b,ao,4,抱,bào,to hold
p,ao,1,抛,pāo,to throw
p,ao,2,刨,páo,to dig
p,ao,3,跑,pǎo,to run
p,ao,4,泡,pào,bubble
m,ao,1,猫,māo,cat
m,ao,2,毛,máo,hair
m,ao,3,泖,mǎo,still water
m,ao,4,媢,mào,envious
d,ao,1,刀,dāo,knife
d,ao,3,倒,dǎo,to fall
d,ao,4,道,dào,road; path
t,ao,1,弢,tāo,to cover
t,ao,2,逃,táo,to escape
t,ao,3,讨,tǎo,to invite
t,ao,4,套,tào,to cover
n,ao,1,孬,nāo,no good
n,ao,2,䛝,náo,to puzzle
n,ao,3,脑,nǎo,brain; mind
n,ao,4,闹,nào,noisy
l,ao,1,捞,lāo,to fish up
l,ao,2,牢,láo,firm
l,ao,3,咾,lǎo,a sound
l,ao,4,涝,lào,flooded
g,ao,1,槔,gāo,water pulley
g,ao,3,搞,gǎo,to do
g,ao,4,告,gào,to say
k,ao,1,尻,kāo,coccyx
k,ao,3,烤,kǎo,to roast
k,ao,4,䎋,kào,fly
h,ao,1,嚆,hāo,sound; noise
h,ao,2,嗥,háo,to howl (like a wolf)
h,ao,3,好,hǎo,good
h,ao,4,号,hào,day of a month
z,ao,1,傮,zāo,"finish, to go around"
z,ao,2,凿,záo,chisel
z,ao,3,早,zǎo,early
z,ao,4,造,zào,to make
s,ao,1,慅,sāo,agitated
s,ao,3,扫,sǎo,to sweep
s,ao,4,喿,sào,chirping of birds
c,ao,1,糙,cāo,rough
c,ao,2,槽,cáo,trough
c,ao,3,草,cǎo,grass
c,ao,4,鄵,cào,ancient place name
zh,ao,1,招,zhāo,to recruit
zh,ao,2,着,zháo,to touch
zh,ao,3,找,zhǎo,to try to find
zh,ao,4,照,zhào,according to
sh,ao,1,烧,shāo,to burn; to cook
sh,ao,2,韶,sháo,excellent; harmonious
sh,ao,3,少,shǎo,few; less
sh,ao,4,哨,shào,a whistle; sentry
ch,ao,1,抄,chāo,to make a copy
ch,ao,2,潮,cháo,tide
ch,ao,3,吵,chǎo,to quarrel
r,ao,2,饶,ráo,rich
r,ao,3,㑱,rǎo,kind of monkey
r,ao,4,绕,rào,to wind
,e,1,婀,ē,graceful
,e,2,鹅,é,goose
,e,3,頋,ě,to care for
,e,4,饿,è,to be hungry
d,e,1,嘚,dē,for the sound of horsehoofs
d,e,2,得,dé,to obtain
t,e,4,特,tè,special
n,e,4,疒,nè,sick
l,e,4,乐,lè,happy
g,e,1,割,gē,to cut
g,e,2,隔,gé,to separate
g,e,3,哿,gě,excellent
g,e,4,个,gè,individual
k,e,1,颗,kē,corn grains
k,e,2,咳,ké,cough
k,e,3,渴,kě,thirsty
k,e,4,克,kè,to be able to
h,e,1,喝,hē,to drink;
h,e,2,河,hé,river
h,e,4,喝,hè,to shout
z,e,2,泽,zé,pool
z,e,4,昃,zè,afternoon
s,e,1,閪,sē,to lose item
s,e,4,色,sè,color
c,e,4,册,cè,book
zh,e,1,遮,zhē,to cover up
zh,e,2,折,zhé,to break
zh,e,3,褶,zhě,pleat
zh,e,4,这,zhè,this
sh,e,1,奢,shē,extravagant
sh,e,2,蛇,shé,snake
sh,e,3,舍,shě,to give up
sh,e,4,射,shè,to shoot
ch,e,1,车,chē,car
ch,e,3,扯,chě,to pull
ch,e,4,撤,chè,to remove
r,e,3,喏,rě,to salute; make one's curtsy
r,e,4,热,rè,to warm up;
,ei,1,诶,ēi,hey (to call somebody)
,ei,2,诶,éi,hey (to express surprise)
,ei,3,诶,ěi,hey (to express disagreement)
,ei,4,诶,èi,hey (to express agreement)
b,ei,1,杯,bēi,cup
b,ei,3,北,běi,north
b,ei,4,倍,bèi,double
p,ei,1,柸,pēi,to hate
p,ei,2,陪,péi,to accompany
p,ei,4,配,pèi,to join
m,ei,2,没,méi,have not
m,ei,3,每,měi,each; every
m,ei,4,妹,mèi,younger sister
f,ei,1,飞,fēi,to fly
f,ei,2,肥,féi,fat
f,ei,3,朏,fěi,crescent moon
f,ei,4,费,fèi,to cost
d,ei,3,得,děi,to have to
n,ei,3,哪,něi,which
n,ei,4,内,nèi,inside
l,ei,1,勒,lēi,to strap tightly; to bind
l,ei,2,雷,léi,thunder
l,ei,3,儡,lěi,puppet
l,ei,4,泪,lèi,tears
g,ei,3,给,gěi,to; for
h,ei,1,黑,hēi,black
z,ei,2,贼,zéi,thief
sh,ei,2,谁,shéi,who
,en,1,恩,ēn,favor
,en,3,䅰,ěn,kind of grass
,en,4,摁,èn,to press
b,en,1,奔,bēn,to hurry
b,en,3,本,běn,root; stem
b,en,4,笨,bèn,stupid; foolish
p,en,1,喷,pēn,to puff
p,en,2,盆,pén,basin
p,en,4,喷,pèn,(of a smell) strong
m,en,1,闷,mēn,shut indoors
m,en,2,门,mén,gate; door
m,en,4,懑,mèn,melancholy
f,en,1,分,fēn,to divide
f,en,2,坟,fén,grave
f,en,3,粉,fěn,powder
f,en,4,忿,fèn,anger
d,en,4,扽,dèn,to yank; to pull tight
n,en,4,嫩,nèn,tender; soft
g,en,1,根,gēn,root
g,en,2,哏,gén,funny
g,en,3,艮,gěn,tough
g,en,4,亘,gèn,extending all the way across
k,en,3,肯,kěn,to agree
k,en,4,掯,kèn,to push down
h,en,2,拫,hén,to pull; to drag
h,en,3,佷,hěn,to act contrary to
h,en,4,恨,hèn,to hate
z,en,1,㻸,zēn,jade stone
z,en,3,怎,zěn,how
z,en,4,谮,zèn,to slander
s,en,1,森,sēn,forest
c,en,1,嵾,cēn,uneven
c,en,2,涔,cén,overflow;
zh,en,1,真,zhēn,really
zh,en,3,畛,zhěn,border
zh,en,4,震,zhèn,to shake
sh,en,1,深,shēn,deep
sh,en,2,什,shén,what
sh,en,3,审,shěn,to examine
sh,en,4,慎,shèn,careful
ch,en,1,嗔,chēn,to be angry at
ch,en,2,谌,chén,faithful
ch,en,3,碜,chěn,gritty (of food)
ch,en,4,儭,chèn,to assist
r,en,2,人,rén,person
r,en,3,忍,rěn,to bear
r,en,4,人,rén,person
,eng,1,鞥,ēng,reins
b,eng,1,绷,bēng,to draw tight
b,eng,2,甭,béng,need not; please don't
b,eng,3,菶,běng,expand
b,eng,4,蹦,bèng,to jump
p,eng,1,匉,pēng,noise of waters
p,eng,2,朋,péng,friend
p,eng,3,𡗗,pěng,folded hands
p,eng,4,碰,pèng,to touch; to meet with
m,eng,1,蒙,mēng,to cheat
m,eng,2,檬,méng,lemon
m,eng,3,艋,měng,small boat
m,eng,4,梦,mèng,dream
f,eng,1,风,fēng,wind
f,eng,2,逢,féng,to meet by chance
f,eng,3,唪,fěng,recite; chant
f,eng,4,俸,fèng,salary
d,eng,1,灯,dēng,lamp; light
d,eng,3,等,děng,class
d,eng,4,瞪,dèng,to stare at
t,eng,1,熥,"tēng, tōng (Tw)",cooked food by baking or steaming
t,eng,2,疼,téng,(it) hurts; sore
n,eng,2,能,néng,(physics) energy
n,eng,3,𠹌,něng,"uncommon, rare"
n,eng,4,㲌,nèng,dog's hair
l,eng,2,崚,léng,lofty (as of mountain)
l,eng,3,冷,lěng,cold
l,eng,4,愣,lèng,to look distracted
g,eng,1,耕,gēng,to plow; to till
g,eng,3,梗,gěng,branch
g,eng,4,更,gèng,more; even more
k,eng,1,坑,kēng,hole;
h,eng,1,哼,hēng,to snort
h,eng,2,横,héng,horizontal
h,eng,4,横,hèng,harsh and unreasonable
z,eng,1,增,zēng,to increase
z,eng,3,㽪,zěng,rice field
z,eng,4,赠,zèng,to give as a present
s,eng,1,鬙,sēng,short hair
s,eng,4,𡬙,sèng,to wake up
c,eng,1,噌,cēng,to scold
c,eng,2,层,céng,layer
c,eng,4,蹭,cèng,to rub against
zh,eng,1,睁,zhēng,to open (one's eyes)
zh,eng,3,整,zhěng,exactly
zh,eng,4,正,zhèng,straight
sh,eng,1,声,shēng,sound; voice
sh,eng,2,绳,shéng,rope
sh,eng,3,省,shěng,to save
sh,eng,4,剩,shèng,to remain
ch,eng,1,称,chēng,to weigh
ch,eng,2,成,chéng,to succeed
ch,eng,3,悜,chěng,obscure
ch,eng,4,秤,chèng,steelyard
r,eng,1,扔,rēng,to throw
r,eng,2,仍,réng,still; yet
r,eng,4,芿,èng,weeds that regrow from cut-down roots
,er,2,而,ér,and; as well as
,er,3,迩,ěr,recently
,er,4,迩,ěr,recently
b,i,1,逼,bī,to force (somebody to do something)
b,i,2,鼻,bí,nose
b,i,3,笔,bǐ,pen
b,i,4,必,bì,certainly
p,i,1,劈,pī,to chop
p,i,2,皮,pí,leather; skin
p,i,3,劈,pǐ,to split in two
p,i,4,媲,pì,to match; to pair
m,i,1,咪,mī,sound for calling a cat
m,i,2,谜,mí,riddle
m,i,3,米,mǐ,rice
m,i,4,密,mì,secret
d,i,1,滴,dī,a drop
d,i,2,敌,dí,enemy
d,i,3,底,dǐ,background
d,i,4,地,dì,earth; ground
t,i,1,踢,tī,to kick
t,i,2,提,tí,to carry
t,i,3,体,tǐ,body
t,i,4,剃,tì,to shave
n,i,1,妮,nī,girl
n,i,2,泥,ní,mud; clay
n,i,3,你,nǐ,you
n,i,4,匿,nì,to hide
l,i,2,离,lí,to leave;
l,i,3,里,lǐ,interior
l,i,4,力,lì,power
q,i,1,七,qī,seven
q,i,2,棋,qí,chess
q,i,3,起,qǐ,to get up
q,i,4,气,qì,gas
j,i,1,鸡,jī,fowl; chicken
j,i,2,极,jí,extremely
j,i,3,挤,jǐ,to crowd in
j,i,4,寄,jì,to send
x,i,1,西,xī,west
x,i,2,席,xí,banquet
x,i,3,洗,xǐ,to wash
x,i,4,系,xì,system
z,i,1,訾,zī,to calculate
z,i,3,紫,zǐ,purple; violet
z,i,4,字,zì,letter; symbol
s,i,1,撕,sī,to tear
s,i,3,死,sǐ,to die
s,i,4,四,sì,four
c,i,1,差,cī,irregular
c,i,2,词,cí,word
c,i,3,此,cǐ,this; these
c,i,4,次,cì,next in sequence
zh,i,1,支,zhī,to support
zh,i,2,直,zhí,straight
zh,i,3,只,zhǐ,only
zh,i,4,治,zhì,to rule
sh,i,1,诗,shī,poem
sh,i,2,十,shí,ten
sh,i,3,使,shǐ,to make
sh,i,4,试,shì,to test
ch,i,1,吃,chī,to eat
ch,i,2,迟,chí,late;
ch,i,3,侈,chǐ,extravagant
ch,i,4,赤,chì,red
r,i,4,日,rì,sun
,ia,1,丫,yā,fork
,ia,2,牙,yá,tooth;
,ia,3,哑,yǎ,mute
,ia,4,轧,yà,to crush
d,ia,3,嗲,diǎ,coy; childish
l,ia,3,俩,liǎ,both; some
q,ia,1,掐,qiā,to pick (flowers)
q,ia,3,卡,qiǎ,to block
q,ia,4,恰,qià,just
j,ia,1,家,jiā,home; family
j,ia,2,戛,jiá,lance; to tap
j,ia,3,假,jiǎ,fake
j,ia,4,架,jià,to support
x,ia,1,瞎,xiā,blind
x,ia,2,峡,xiá,gorge
x,ia,3,閜,xiǎ,to split open
x,ia,4,下,xià,down
,ian,1,淹,yān,to flood
,ian,2,沿,yán,along
,ian,3,演,yǎn,to develop
,ian,4,咽,yàn,to swallow
b,ian,1,边,biān,side; edge
b,ian,3,扁,biǎn,flat
b,ian,4,变,biàn,to change; to become different
p,ian,1,篇,piān,sheet
p,ian,2,蹁,pián,to limp
p,ian,3,脸,liǎn,face
p,ian,4,片,piàn,film
m,ian,2,眠,mián,to sleep
m,ian,3,愐,miǎn,shy
m,ian,4,㴐,miàn,flowing water
d,ian,1,巅,diān,summit
d,ian,3,点,diǎn,point
d,ian,4,电,diàn,lightning
t,ian,1,天,tiān,day; sky
t,ian,2,田,tián,field; farm
t,ian,3,忝,tiǎn,to shame
t,ian,4,㶺,tiàn,light or glow of fire
n,ian,1,拈,niān,to nip
n,ian,2,年,nián,year
n,ian,3,涊,niǎn,muddy water
n,ian,4,念,niàn,to read
l,ian,2,连,lián,to link; to join
l,ian,3,炼,liàn,to refine; to smelt
l,ian,4,炼,liàn,to refine; to smelt
q,ian,1,千,qiān,thousand
q,ian,2,钱,qián,coin
q,ian,3,浅,qiǎn,shallow
q,ian,4,嵌,qiàn,to inlay
j,ian,1,间,jiān,between
j,ian,3,捡,jiǎn,to pick up; to collect
j,ian,4,件,jiàn,item
x,ian,1,先,xiān,early
x,ian,2,嫌,xián,to dislike
x,ian,3,险,xiǎn,danger
x,ian,4,线,xiàn,thread
,iang,1,央,yāng,center
,iang,2,羊,yáng,sheep
,iang,3,氧,yǎng,oxygen
,iang,4,样,yàng,pattern
n,iang,2,娘,niáng,mother
n,iang,4,酿,niàng,to make honey
l,iang,2,量,liáng,to measure
l,iang,3,两,liǎng,two; both; some
l,iang,4,亮,liàng,bright
q,iang,1,枪,qiāng,gun
q,iang,2,墙,qiáng,wall
q,iang,3,抢,qiǎng,to fight over
q,iang,4,呛,qiàng,to irritate the nose
j,iang,1,江,jiāng,river
j,iang,3,讲,jiǎng,to speak
j,iang,4,降,jiàng,to drop
x,iang,1,箱,xiāng,box
x,iang,2,降,xiáng,to surrender
x,iang,3,想,xiǎng,to think
x,iang,4,向,xiàng,towards
,iao,1,腰,yāo,waist
,iao,2,摇,yáo,to shake
,iao,3,咬,yǎo,to bite
,iao,4,要,yào,important
b,iao,1,标,biāo,mark
b,iao,2,嫑,biáo,don't; must not
b,iao,3,表,biǎo,pocket watch
b,iao,4,㧼,biào,to distribute
p,iao,1,飘,piāo,to float
p,iao,2,䴩,piáo,kind of deer
p,iao,3,皫,piǎo,white
p,iao,4,票,piào,ticket
m,iao,1,喵,miāo,cat's mewing
m,iao,2,䁧,miáo,to open wide (eyes)
m,iao,3,秒,miǎo,second (unit of time)
m,iao,4,妙,miào,clever; wonderful
d,iao,1,刁,diāo,artful
d,iao,4,吊,diào,to suspend
t,iao,1,恌,tiāo,frivolous
t,iao,2,趒,tiáo,to climb over
t,iao,3,誂,tiǎo,to tempt
t,iao,4,眺,tiào,to gaze into the distance
n,iao,3,鸟,niǎo,bird
n,iao,4,尿,niào,urine
l,iao,1,撩,liāo,to lift up
l,iao,2,聊,liáo,to chat
l,iao,3,了,liǎo,to finish
l,iao,4,料,liào,to expect
q,iao,1,敲,qiāo,to hit; to strike
q,iao,2,桥,qiáo,bridge
q,iao,3,悄,qiǎo,quiet; sad
q,iao,4,壳,qiào,shell
j,iao,1,教,jiāo,to teach
j,iao,2,嚼,jiáo,to chew
j,iao,3,脚,jiǎo,foot
j,iao,4,叫,jiào,to shout
x,iao,1,消,xiāo,to disappear
x,iao,2,崤,xiáo,name of a mountain in Henan
x,iao,3,小,xiǎo,small
x,iao,4,笑,xiào,laugh; smile
,ie,1,掖,yē,to tuck (into a pocket
,ie,2,爷,yé,grandpa
,ie,3,也,yě,also
,ie,4,夜,yè,night
b,ie,1,憋,biē,to choke
b,ie,2,䏟,bié,big; large
b,ie,3,瘪,biě,deflated; shriveled
b,ie,4,䌘,biè,to knit
p,ie,1,撇,piē,to cast away
p,ie,3,撇,piě,to throw
m,ie,1,乜,miē,to squint
m,ie,4,灭,miè,to extinguish or put out
d,ie,1,褺,diē,"dirty, ragged"
d,ie,2,咥,dié,gnaw; bite
t,ie,1,贴,tiē,to stick; to paste
t,ie,2,䩞,tié,trappings
t,ie,3,铁,tiě,iron (metal)
t,ie,4,呫,tiè,to mutter
n,ie,1,捏,niē,to pinch
n,ie,2,苶,nié,weary; tired
n,ie,4,聂,niè,to whisper
l,ie,1,咧,liē,to cry
l,ie,3,䟩,liě,hard of walk forward
l,ie,4,劣,liè,inferior
q,ie,1,切,qiē,to cut; to slice
q,ie,2,茄,qié,eggplant
q,ie,3,且,qiě,and; moreover
q,ie,4,帹,qiè,man's headband
j,ie,1,接,jiē,to receive
j,ie,2,节,jié,festival
j,ie,3,解,jiě,to divide; to break up
j,ie,4,借,jiè,to lend
x,ie,1,歇,xiē,to rest
x,ie,2,鞋,xié,shoe
x,ie,3,写,xiě,to write
x,ie,4,谢,xiè,to thank; to apologize
,in,1,阴,yīn,cloudy
,in,2,银,yín,silver
,in,3,引,yǐn,to draw
,in,4,印,yìn,to print
b,in,1,傧,bīn,best man
b,in,3,䐔,bǐn,muscle of the calf (of the leg)
b,in,4,摈,bìn,to reject
p,in,1,拼,pīn,to piece together
p,in,2,贫,pín,poor
p,in,3,品,pǐn,product
p,in,4,聘,pìn,to engage
m,in,2,旻,mín,heaven
m,in,3,刡,mǐn,to scrape; to pare
n,in,2,您,nín,you
l,in,1,拎,līn,to lift; to carry in one's hand
l,in,2,淋,lín,to sprinkle
l,in,3,僯,lǐn,ashamed
l,in,4,淋,lìn,to filter
q,in,1,亲,qīn,parent
q,in,2,勤,qín,diligent
q,in,3,昑,qǐn,bright
q,in,4,㤈,qìn,sad; sorrowful
j,in,1,金,jīn,gold
j,in,3,仅,jǐn,barely
j,in,4,进,jìn,to go forward
x,in,1,心,xīn,heart
x,in,2,镡,xín,guard (on a sword handle)
x,in,3,伈,xǐn,nervous; fearful
x,in,4,信,xìn,letter; mail
,ing,1,应,yīng,to agree (to do something)
,ing,2,赢,yíng,to beat; to win
,ing,3,颖,yǐng,head of grain
,ing,4,硬,yìng,hard
b,ing,1,兵,bīng,soldiers
b,ing,3,饼,bǐng,cookie
b,ing,4,病,bìng,illness
p,ing,1,娉,pīng,graceful
p,ing,2,瓶,píng,bottle
p,ing,4,䀻,pìng,to look
m,ing,2,名,míng,name
m,ing,3,酩,mǐng,intoxicated
m,ing,4,命,mìng,life; fate
d,ing,1,钉,dīng,nail
d,ing,3,顶,dǐng,most
d,ing,4,碇,dìng,anchor
t,ing,1,听,tīng,to obey
t,ing,2,停,tíng,to stop
t,ing,3,艇,tǐng,vessel; small ship
t,ing,4,听,tìng,to allow
n,ing,2,宁,níng,peaceful
n,ing,3,拧,nǐng,to disagree
n,ing,4,拧,nìng,stubborn
l,ing,1,昤,līng,sunshine
l,ing,2,零,líng,zero
l,ing,3,领,lǐng,neck
l,ing,4,另,lìng,other; another
q,ing,1,青,qīng,green
q,ing,2,情,qíng,feeling
q,ing,3,廎,qǐng,room
q,ing,4,庆,qìng,to celebrate
j,ing,1,晶,jīng,crystal
j,ing,3,儆,jǐng,to warn
j,ing,4,静,jìng,still; calm
x,ing,1,星,xīng,star
x,ing,2,型,xíng,type
x,ing,3,醒,xǐng,to be awake
x,ing,4,姓,xìng,family name; surname
,iong,1,雍,yōng,harmony
,iong,2,喁,yóng,breathing (of fish)
,iong,3,勇,yǒng,brave
,iong,4,用,yòng,to employ
q,iong,1,銎,qiōng,eye of an axe
q,iong,2,嬛,qióng,alone
j,iong,1,坰,jiōng,environs
j,iong,3,澃,jiǒng,clear
x,iong,1,胸,xiōng,chest
x,iong,2,雄,xióng,male
x,iong,4,诇,xiòng,to spy
,iou,1,优,yōu,excellent
,iou,2,油,yóu,oil
,iou,3,有,yǒu,to have
,iou,4,右,yòu,right (-hand)
m,iou,4,缪,miù,error
d,iou,1,丢,diū,to lose
n,iou,1,妞,niū,girl
n,iou,2,牛,niú,ox
n,iou,3,扭,niǔ,to turn
n,iou,4,䋴,niù,silk fabrics with mixed colors
l,iou,1,溜,liū,to slip away
l,iou,2,流,liú,to flow
l,iou,3,柳,liǔ,willow
l,iou,4,六,liù,six
q,iou,1,揪,jiū,to seize
q,iou,2,球,qiú,ball; sphere
q,iou,3,糗,qiǔ,dry rations (for a journey)
q,iou,4,䟬,qiù,to walk
j,iou,1,揫,jiū,to gather
j,iou,3,九,jiǔ,nine
j,iou,4,就,jiù,at once
x,iou,1,修,xiū,to decorate
x,iou,3,宿,xiǔ,night
x,iou,4,岫,xiù,cave
,o,1,喔,ō,I see
b,o,1,剥,bō,to peel
b,o,2,帛,bó,silk
b,o,3,簸,bǒ,to winnow
b,o,4,播,bò ,to sow
p,o,1,泼,pō,to splash
p,o,2,婆,pó,grandmother
p,o,3,尀,pǒ,cannot
p,o,4,破,pò,broken
m,o,1,摸,mō,to feel with the hand
m,o,2,磨,mó,to rub
m,o,3,抹,mǒ,to smear;
m,o,4,末,mò,final stage
d,ong,1,东,dōng,east
d,ong,3,懂,dǒng,to understand
d,ong,4,冻,dòng,to freeze
t,ong,1,通,tōng,to go through
t,ong,2,同,tóng,like; same; similar
t,ong,3,桶,tǒng,bucket
t,ong,4,恸,tòng,grief
n,ong,2,浓,nóng,concentrated
n,ong,3,䵜,nǒng,to plough and sow
n,ong,4,弄,nòng,to do; to manage
l,ong,1,隆,lōng,sound of drums
l,ong,2,龙,lóng,dragon
l,ong,3,儱,lǒng,rude
l,ong,4,弄,lòng,lane; alley
g,ong,1,供,gōng,to provide
g,ong,3,巩,gǒng,secure; solid
g,ong,4,共,gòng,common
k,ong,1,空,kōng,empty
k,ong,3,孔,kǒng,hole
k,ong,4,鞚,kòng,bridle
h,ong,1,烘,hōng,to bake
h,ong,2,红,hóng,red; popular
h,ong,3,唝,hǒng,sing
h,ong,4,蕻,hòng,budding
z,ong,1,宗,zōng,school
z,ong,3,偬,zǒng,busy
z,ong,4,从,zòng,second cousin
s,ong,1,松,sōng,loose
s,ong,2,㞞,sóng,weak and incompetent
s,ong,3,悚,sǒng,frightened
s,ong,4,送,sòng,to deliver
c,ong,1,葱,cōng,green onion
c,ong,2,悰,cóng,joy
zh,ong,1,中,zhōng,China
zh,ong,3,种,zhǒng,seed
zh,ong,4,种,zhòng,to plant
ch,ong,1,冲,chōng,thoroughfare
ch,ong,2,重,chóng,to repeat
ch,ong,3,宠,chǒng,to love
ch,ong,4,冲,chòng,powerful
r,ong,2,容,róng,to hold
r,ong,3,冗,rǒng,extraneous
,ou ,1,殴,ōu,to hit somebody
,ou ,3,偶,ǒu,accidental
,ou ,4,怄,òu,to annoy
p,ou ,1,剖,pōu,to analyze
p,ou ,2,垺,póu,extremely large
p,ou ,3,掊,pǒu,break up
m,ou ,1,哞,mōu,moo (sound made by cow)
m,ou ,2,谋,móu,to plan
m,ou ,3,某,mǒu,some; a certain
f,ou ,2,紑,fóu,bright; glossy (of silk)
f,ou ,3,否,fǒu,to negate
d,ou ,1,兜,dōu,pocket
d,ou ,3,抖,dǒu,to tremble
d,ou ,4,斗,dòu,to fight
t,ou ,1,偷,tōu,to steal
t,ou ,2,投,tóu,to cast
t,ou ,3,黈,tǒu,a yellow color
t,ou ,4,䟝,tòu,to walk right into
l,ou ,1,搂,lōu,to draw towards oneself
l,ou ,2,偻,lóu,hunchback
l,ou ,3,搂,lǒu,to hug
l,ou ,4,露,lòu,to show
g,ou ,1,钩,gōu,to hook
g,ou ,3,狗,gǒu,dog
g,ou ,4,购,gòu,to buy; to purchase
k,ou ,1,抠,kōu,to dig out
k,ou ,3,口,kǒu,mouth
k,ou ,4,叩,kòu,to knock
h,ou ,1,齁,hōu,to snore
h,ou ,2,猴,hóu,monkey
h,ou ,3,吼,hǒu,to roar; to howl
h,ou ,4,后,hòu,back
z,ou ,1,緅,zōu,purple silk
z,ou ,3,走,zǒu,to walk
z,ou ,4,奏,zòu,to play music
s,ou ,1,搜,sōu,to search
s,ou ,3,叟,sǒu,old gentleman
s,ou ,4,嗽,sòu,cough
c,ou ,2,𧡣,cóu,to look at something unhappily
c,ou ,4,辏,còu,to converge
zh,ou ,1,周,zhōu,week
zh,ou ,2,轴,zhóu,axis
zh,ou ,3,帚,zhǒu,broom
zh,ou ,4,咒,zhòu,magic spell
sh,ou ,1,收,shōu,to accept
sh,ou ,2,熟,shóu,cooked (of food)
sh,ou ,3,手,shǒu,hand
sh,ou ,4,售,shòu,to sell
ch,ou ,1,瘳,chōu,to recover
ch,ou ,2,愁,chóu,to worry about
ch,ou ,3,丑,chǒu,shameful
ch,ou ,4,臭,chòu,stench; smelly
r,ou ,2,柔,róu,soft; flexible
r,ou ,4,肉,ròu,meat
,u,1,屋,wū,house; room
,u,2,无,wú,not to have;
,u,3,五,wǔ,five
,u,4,雾,wù,fog; mist
b,u,1,钸,bū,metal plate
b,u,2,醭,bú,mold on liquids
b,u,3,捕,bǔ,to catch
b,u,4,不,bù,(negative prefix); not; no
p,u,1,铺,pū,to spread
p,u,2,仆,pú,servant
p,u,3,谱,pǔ,chart; list; table
p,u,4,瀑,pù,waterfall
m,u,2,模,mú,mold
m,u,3,姥,mǔ,old woman
m,u,4,木,mù,tree; wood
f,u,1,夫,fū,husband
f,u,2,扶,fú,to support with the hand;
f,u,3,俯,fǔ,to look down
f,u,4,付,fù,to pay
d,u,1,都,dū,capital city
d,u,2,读,dú,to read
d,u,3,肚,dǔ,tripe
d,u,4,渡,dù,to cross
t,u,1,秃,tū,bald
t,u,2,图,tú,diagram
t,u,3,土,tǔ,earth
t,u,4,兔,tù,rabbit
n,u,2,奴,nú,slave
n,u,3,砮,nǔ,flint
n,u,4,怒,nù,anger
l,u,1,噜,lū,grumble
l,u,2,庐,lú,hut
l,u,3,掳,lǔ,to capture
l,u,4,路,lù,road;
g,u,1,辜,gū,crime
g,u,2,䜼,gú,kind of bean
g,u,3,古,gǔ,ancient
g,u,4,雇,gù,to employ
k,u,1,哭,kū,to cry
k,u,3,苦,kǔ,bitter
k,u,4,䔯,kù,salted
h,u,1,呼,hū,to call
h,u,2,湖,hú,lake
h,u,3,虎,hǔ,tiger
h,u,4,护,hù,to protect
z,u,1,租,zū,to hire
z,u,2,足,zú,foot
z,u,3,组,zǔ,to form
s,u,1,㢝,sū,cottage
s,u,2,俗,sú,custom
s,u,4,粟,sù,grain
c,u,1,粗,cū,remote
c,u,2,徂,cú,to go; to reach
c,u,3,皻,cǔ,chapped skin
c,u,4,蔟,cù,collect
zh,u,1,朱,zhū,vermilion
zh,u,2,竹,zhú,bamboo
zh,u,3,煮,zhǔ,to cook; to boil
zh,u,4,祝,zhù,to wish
sh,u,1,书,shū,book
sh,u,2,叔,shú ,uncle
sh,u,3,数,shǔ,to count
sh,u,4,数,shù,number
ch,u,1,出,chū,to go out
ch,u,2,厨,chú,kitchen
ch,u,3,楚,chǔ,distinct
ch,u,4,处,chù,place
r,u,2,如,rú,as; as if; such as
r,u,3,乳,rǔ,milk
r,u,4,入,rù,to enter
,ua,1,挖,wā,to dig
,ua,2,娃,wá,baby; doll
,ua,3,邷,wǎ,to grab
,ua,4,袜,wà,socks
g,ua,1,嘎,gā,cackling sound
g,ua,2,钆,gá,gadolinium (chemistry)
g,ua,3,尕,gǎ,little (dialect)
g,ua,4,尕,gǎ,little (dialect)
k,ua,1,咖,kā,grade
k,ua,3,咯,kǎ,to cough up
k,ua,4,髂,kà,ilium
h,ua,1,哈,hā,to adore
h,ua,2,蛤,há,frog; toad
h,ua,3,哈,hǎ,a pug
zh,ua,1,扎,zhā,to prick
zh,ua,2,霅,zhá,rain
zh,ua,3,眨,zhǎ,to blink
zh,ua,4,奓,zhà,to open
sh,ua,1,杀,shā,to kill
sh,ua,3,傻,shǎ,foolish
sh,ua,4,箑,shà,fan
,uai,1,䴜,wāi,salt
,uai,3,崴,wǎi,to sprain (one's ankle)
,uai,4,外,wài,outside
g,uai,1,该,gāi,should
g,uai,3,改,gǎi,to change
g,uai,4,盖,gài,lid; top
k,uai,1,开,kāi,to open
k,uai,3,剀,kǎi,carefully
k,uai,4,愒,kài,to desire
h,uai,1,咳,hāi,sound of sighing
h,uai,2,孩,hái,child
h,uai,3,海,hǎi,ocean
h,uai,4,餀,hài,tainted food
zh,uai,1,摘,zhāi,to borrow
zh,uai,2,择,zhái,to select;
zh,uai,3,窄,zhǎi,narrow
zh,uai,4,债,zhài,debt
sh,uai,1,筛,shāi,to filter
sh,uai,3,色,shǎi,dice
sh,uai,4,𧜁,shài,to make smaller
ch,uai,1,拆,chāi,to tear down
ch,uai,2,侪,chái,a class
ch,uai,3,茝,chǎi,aromatic plant
ch,uai,4,瘥,chài,to recover from disease
,uan,1,弯,wān,to bend
,uan,2,完,wán,to finish
,uan,3,晚,wǎn,evening
,uan,4,万,wàn,ten thousand
d,uan,1,端,duān,item
d,uan,3,短,duǎn,short
d,uan,4,段,duàn,paragraph
t,uan,1,湍,tuān,to rush (of water)
t,uan,2,团,tuán,round
t,uan,3,疃,tuǎn,village
n,uan,2,奻,nuán,to quarrel
n,uan,3,暖,nuǎn,warm
l,uan,2,孪,luán,twins
l,uan,3,卵,luǎn,egg
l,uan,4,乱,luàn,in confusion or disorder
g,uan,1,官,guān,government official
g,uan,3,馆,guǎn,building
g,uan,4,灌,guàn,to irrigate
k,uan,1,宽,kuān,wide
k,uan,3,款,kuǎn,section
h,uan,1,欢,huān,happy
h,uan,2,环,huán,ring
h,uan,3,缓,huǎn,slow
h,uan,4,换,huàn,to exchange
z,uan,1,躜,zuān,to jump
z,uan,3,纂,zuǎn,to compile
z,uan,4,赚,zuàn,to cheat
s,uan,1,酸,suān,sour
s,uan,3,篹,suǎn,ancient bamboo basket for food
s,uan,4,蒜,suàn,garlic
c,uan,1,汆,cuān,to boil for a short time
c,uan,2,攒,cuán,to bring together
c,uan,4,窜,cuàn,to flee
zh,uan,1,砖,zhuān,brick
zh,uan,3,转,zhuǎn,to turn
zh,uan,4,传,zhuàn,biography
sh,uan,1,拴,shuān,to tie up
sh,uan,4,涮,shuàn,to rinse
ch,uan,1,穿,chuān,to wear
ch,uan,2,船,chuán,boat
ch,uan,3,喘,chuǎn,to gasp
ch,uan,4,钏,chuàn,armlet
r,uan,2,堧,ruán,adjoin
r,uan,3,朊,ruǎn,protein
,uang,1,尢,wāng,lame
,uang,2,亡,wáng,to be gone
,uang,3,往,wǎng,to go (in a direction)
,uang,4,忘,wàng,to forget
g,uang,1,光,guāng,light
g,uang,3,犷,guǎng,rough
g,uang,4,逛,guàng,to visit
k,uang,1,筐,kuāng,basket
k,uang,2,狂,kuáng,mad; wild
k,uang,3,爌,kuǎng,flame light
k,uang,4,矿,kuàng,ore; mine
h,uang,1,荒,huāng,desolate
h,uang,2,皇,huáng,emperor
h,uang,3,幌,huǎng,shop sign
h,uang,4,䁜,huàng,big eyes
zh,uang,1,装,zhuāng,adornment
zh,uang,3,奘,zhuǎng,fat
zh,uang,4,撞,zhuàng,to knock against
sh,uang,1,霜,shuāng,frost
sh,uang,3,塽,shuǎng,elevated prominent ground
sh,uang,4,㦼,shuàng,wooden piles used as a cable to make immovable of a boat
ch,uang,1,窗,chuāng,shutter
ch,uang,2,床,chuáng,bed
ch,uang,3,闯,chuǎng,to rush
ch,uang,4,创,chuàng,to begin
,uei,1,偎,wēi,to cuddle
,uei,2,为,wéi,as (in the capacity of)
,uei,3,尾,wěi,tail
,uei,4,位,wèi,position
d,uei,1,堆,duī,to pile up
d,uei,3,怼,duǐ,to publicly criticize
d,uei,4,对,duì,right; correct
t,uei,1,忒,tuī,very
t,uei,2,蹪,tuí,to stumble
t,uei,3,腿,tuǐ,leg
t,uei,4,退,tuì,to retreat
g,uei,1,归,guī,to return; to go back to
g,uei,3,鬼,guǐ,ghost
g,uei,4,贵,guì,expensive; noble
k,uei,1,悝,kuī,to laugh at
k,uei,2,戣,kuí,a lance
k,uei,3,傀,kuǐ,puppet
k,uei,4,喟,kuì,to sigh
h,uei,1,晖,huī,sunshine
h,uei,2,回,huí,to turn around
h,uei,3,毁,huǐ,to destroy
h,uei,4,会,huì,"can (i.e. have the skill, know how to)"
z,uei,1,厜,zuī,a mountain peak
z,uei,3,咀,zuǐ,a point or tip
z,uei,4,罪,zuì,guilt; crime
s,uei,1,虽,suī,although
s,uei,2,随,suí,to follow
s,uei,3,瀡,suǐ,slippery
s,uei,4,岁,suì,year
c,uei,1,催,cuī,to urge
c,uei,3,䊫,cuǐ,coarse rice
c,uei,4,脆,cuì,brittle
zh,uei,1,椎,zhuī,spine
zh,uei,2,,,
zh,uei,3,沝,zhuǐ,water
zh,uei,4,惴,zhuì,anxious; worried
sh,uei,2,谁,shuí,who
sh,uei,3,水,shuǐ,water; river
sh,uei,4,睡,shuì,to sleep
ch,uei,1,吹,chuī,to blow
ch,uei,2,椎,chuí,a hammer
ch,uei,3,㷃,chuǐ,long-burning fire
ch,uei,4,龡,chuì,to blow (a flute)
r,uei,2,緌,ruí,strings of cap
r,uei,3,繠,ruǐ,dangle
r,uei,4,汭,ruì,river-bend
,uen,1,温,wēn,warm
,uen,2,闻,wén,to hear; news
,uen,3,稳,wěn,settled; steady; stable
,uen,4,问,wèn,to ask; to inquire
d,uen,1,墩,dūn,block
d,uen,3,盹,dǔn,nap
d,uen,4,庉,dùn,a village
t,uen,1,旽,tūn,morning sun
t,uen,2,屯,tún,to station (soldiers)
t,uen,3,氽,tǔn,to float
t,uen,4,㧷,tùn,to wipe tears
l,uen,1,抡,lūn,to fling (money)
l,uen,2,伦,lún,human relationship
l,uen,4,论,lùn,opinion
g,uen,3,磙,gǔn,roller
g,uen,4,棍,gùn,stick;
k,uen,1,焜,kūn,brilliant
k,uen,3,稛,kǔn,full
k,uen,4,困,kùn,sleepy; tired
h,uen,1,婚,hūn,to marry
h,uen,2,混,hún,confused
h,uen,4,诨,hùn,nickname
z,uen,1,尊,zūn,senior
z,uen,3,噂,zǔn,talk together
z,uen,4,俊,zùn,cool; neat
s,uen,1,孙,sūn,grandson
s,uen,3,损,sǔn,to decrease
c,uen,1,皴,cūn,chapped; cracked
c,uen,2,存,cún,to exist
c,uen,3,忖,cǔn,to ponder
c,uen,4,寸,cùn,a unit of length; inch
zh,uen,1,窀,zhūn,to bury
zh,uen,3,准,zhǔn,to allow; to grant
sh,uen,3,楯,shǔn,draw forth
sh,uen,4,瞬,shùn,to wink
ch,uen,1,春,chūn,spring
ch,uen,2,纯,chún,pure; simple
ch,uen,3,㖺,chǔn,to blow; to breath
r,uen,2,犉,rún,ox
r,uen,4,䏰,rùn,kind of insects
,uo,1,窝,wō,nest
,uo,3,我,wǒ,I; me; my
,uo,4,卧,wò,to lie
d,uo,1,多,duō,many; much
d,uo,2,夺,duó,to seize
d,uo,3,朵,duǒ,flower
d,uo,4,惰,duò,lazy
t,uo,1,脱,tuō,to shed
t,uo,2,媠,tuó,beautiful
t,uo,3,妥,tuǒ,suitable
t,uo,4,跅,tuò,careless
n,uo,2,挪,nuó,to shift; to move
n,uo,3,㡅,nuǒ,storage room
n,uo,4,糯,nuò,glutinous rice; sticky rice
l,uo,1,捋,luō,to hold something long
l,uo,2,锣,luó,gong
l,uo,3,㩡,luǒ,shake
l,uo,4,骆,luò,camel
g,uo,1,锅,guō,pot; pan
g,uo,2,国,guó,country
g,uo,3,果,guǒ,result
g,uo,4,过,guò,to cross; to go over
k,uo,4,阔,kuò,rich; wide
h,uo,1,豁,huō,opening
h,uo,2,活,huó,to live; alive
h,uo,3,火,huǒ,fire
h,uo,4,或,huò,maybe; perhaps
z,uo,1,作,zuō,worker
z,uo,2,昨,zuó,yesterday
z,uo,3,㝾,zuǒ,can not walk normally
z,uo,4,坐,zuò,to sit; to take a seat
s,uo,1,傞,suō,uneven
s,uo,3,所,suǒ,actually; place
s,uo,4,䐝,suò,heavy fat of animals or plants
c,uo,1,磋,cuō,deliberate
c,uo,2,瘥,cuó,disease
c,uo,3,脞,cuǒ,chopped meat
c,uo,4,错,cuò,mistake
zh,uo,1,桌,zhuō,table; desk
zh,uo,2,啄,zhuó,to peck
zh,uo,4,㧳,zhuò,to mix; to blend
sh,uo,1,说,shuō,to speak
sh,uo,4,数,shuò,frequently
ch,uo,1,踔,chuō,to get ahead
ch,uo,4,婥,chuò,weak
r,uo,2,捼,ruó,to rub; to crumple
r,uo,4,若,ruò,to seem
,ü,1,纡,yū,winding
,ü,2,鱼,yú,fish
,ü,3,与,yǔ,and; to give; together with
,ü,4,遇,yù,to treat
n,ü,3,女,nǚ,female
n,ü,4,㵖,nǜ,damp
l,ü,2,驴,lǘ,donkey
l,ü,3,旅,lǚ,trip; travel
l,ü,4,绿,lǜ,green
q,ü,1,区,qū,area; region
q,ü,2,懅,qú,bashful
q,ü,3,取,qǔ,to take; to get
q,ü,4,觑,qù,to spy; watch for
j,ü,1,居,jū,to reside
j,ü,2,局,jú,office
j,ü,3,举,jǔ,to lift; to hold up
j,ü,4,句,jù,sentence
x,ü,1,需,xū,to require
x,ü,2,徐,xú,slowly
x,ü,3,许,xǔ,to allow
x,ü,4,续,xù,to continue
,üan,1,冤,yuān,injustice
,üan,2,元,yuán,currency unit
,üan,3,远,yuǎn,far; distant; remote
,üan,4,愿,yuàn,to hope; to wish
q,üan,1,棬,quān,bowl
q,üan,2,全,quán,all; whole; entire
q,üan,3,甽,quǎn,drain between fields
q,üan,4,劝,quàn,to advise
j,üan,1,涓,juān,brook
j,üan,3,呟,juǎn,to mutter
j,üan,4,卷,juàn,scroll
x,üan,1,喧,xuān,clamor
x,üan,2,旋,xuán,to revolve
x,üan,3,咺,xuǎn,glorious
x,üan,4,眩,xuàn,dazzling
,üe,1,约,yuē,to make an appointment
,üe,3,哕,yuě,to hiccup
,üe,4,月,yuè,moon; month
n,üe,4,疟,nüè,malaria
l,üe,4,略,lüè,plan; strategy
q,üe,1,缺,quē,scarce
q,üe,2,瘸,qué,lame
q,üe,4,却,què,but
j,üe,1,撅,juē,to protrude
j,üe,2,决,jué,to determine
j,üe,3,䞵,juě,to jump
j,üe,4,倔,juè,surly
x,üe,1,靴,xuē,boots
x,üe,2,学,xué,to learn
x,üe,3,雪,xuě,snow
x,üe,4,血,xuè,blood
,ün,1,晕,yūn,dizzy
,ün,2,云,yún,cloud
,ün,3,允,yǔn,just; fair
,ün,4,运,yùn,to move; to transport
q,ün,1,踆,qūn,squat
q,ün,2,群,qún,group
j,ün,1,均,jūn,equal
j,ün,4,俊,jùn,smart
x,ün,1,熏,xūn,to smoke
x,ün,2,寻,xún,to look for
x,ün,4,训,xùn,to teach